{
  "$schema": "https://railway.app/railway.schema.json",
  "build": {
    "builder": "DOCKERFILE",
    "dockerfilePath": "backend/Dockerfile"
  },
  "deploy": {
    "startCommand": "uvicorn app.main:app --host 0.0.0.0 --port $PORT --workers 2",
    "healthcheckPath": "/health",
    "healthcheckTimeout": 100,
    "restartPolicyType": "ON_FAILURE",
    "restartPolicyMaxRetries": 10
  },
  "environments": {
    "production": {
      "variables": {
        "ENVIRONMENT": "production",
        "DEBUG": "false",
        "BLOCK_OPENAI": "true",
        "OPENAI_BLOCKER_STRICT": "true",
        "DEFAULT_PRIVACY_MODE": "balanced",
        "ENABLE_LOCAL_PROCESSING": "true",
        "ENABLE_ANONYMOUS_MODE": "true"
      }
    },
    "staging": {
      "variables": {
        "ENVIRONMENT": "staging",
        "DEBUG": "true"
      }
    }
  }
}