{
  "buildCommand": "npm run build",
  "outputDirectory": "dist",
  "framework": "vite",
  "installCommand": "npm ci",
  "rewrites": [
    { 
      "source": "/(.*)", 
      "destination": "/index.html" 
    }
  ],
  "headers": [
    {
      "source": "/(.*)",
      "headers": [
        { "key": "X-Frame-Options", "value": "DENY" },
        { "key": "X-Content-Type-Options", "value": "nosniff" },
        { "key": "X-XSS-Protection", "value": "1; mode=block" },
        { "key": "Referrer-Policy", "value": "strict-origin-when-cross-origin" },
        { "key": "Permissions-Policy", "value": "geolocation=(), microphone=(), camera=()" },
        { "key": "X-Voxy-Privacy", "value": "enabled" },
        { "key": "X-OpenAI-Blocked", "value": "true" },
        { "key": "X-Mozilla-Powered", "value": "true" },
        { "key": "X-Anthropic-Enabled", "value": "true" }
      ]
    },
    {
      "source": "/assets/(.*)",
      "headers": [
        { "key": "Cache-Control", "value": "public, max-age=31536000, immutable" }
      ]
    }
  ],
  "env": {
    "VITE_PRIVACY_MODE": "enabled",
    "VITE_MOZILLA_SERVICES": "true",
    "VITE_OPENAI_BLOCKED": "true",
    "VITE_ANTHROPIC_ENABLED": "true"
  }
}